Film,Theater,first_announced_date,last_seen_date
Casino,The Beacon,2025-07-11,2025-07-11
Rotating Signals: The Contemporary Korean Avant-Garde,The Beacon,2025-07-11,2025-07-11
Cosmopolis,The Beacon,2025-07-11,2025-07-11
Network,The Beacon,2025-07-11,2025-07-11
Wreckers Of Civilization: The Beacon Guide To Throbbing Gristle,The Beacon,2025-07-11,2025-07-11
Chinatown,The Beacon,2025-07-11,2025-07-11
The Fugitive Kind,The Beacon,2025-07-11,2025-07-11
Shock Corridor,The Beacon,2025-07-11,2025-07-11
Christopher Strong,The Beacon,2025-07-11,2025-07-11
Boom!,The Beacon,2025-07-11,2025-07-11
A Tale Of Sorrow And Sadness,The Beacon,2025-07-11,2025-07-11
Rent The Beacon,The Beacon,2025-07-11,2025-07-11
The A-Frame,The Beacon,2025-07-11,2025-07-11
"Rosa La Rose, Public Girl",The Beacon,2025-07-11,2025-07-11
Secs Fest Presents Blonde Ambition,The Beacon,2025-07-11,2025-07-11
Sweet Smell Of Success,The Beacon,2025-07-11,2025-07-11
Ed Wood: Made In Hollywood Usa W/ Will Sloan,The Beacon,2025-07-11,2025-07-11
Blackhat,The Beacon,2025-07-11,2025-07-11
Ed Wood,The Beacon,2025-07-11,2025-07-11
A Streetcar Named Desire,The Beacon,2025-07-11,2025-07-11
Taxi Zum Klo,The Beacon,2025-07-11,2025-07-11
Vegas In Space,The Beacon,2025-07-11,2025-07-11
Spring Breakers,The Beacon,2025-07-11,2025-07-11
Demonlover,The Beacon,2025-07-11,2025-07-11
The Day I Became A Woman,The Beacon,2025-07-11,2025-07-11
Sixteen Tongues,The Beacon,2025-07-11,2025-07-11
"Sudan, Remember Us",The Beacon,2025-07-11,2025-07-11
Dream Life,The Beacon,2025-07-11,2025-07-11
Cat On A Hot Tin Roof,The Beacon,2025-07-11,2025-07-11
"They Shoot Horses, Don'T They?",The Beacon,2025-07-11,2025-07-11
There Will Be Blood,The Beacon,2025-07-11,2025-07-11
New Rose Hotel,The Beacon,2025-07-11,2025-07-11
Merrily We Go To Hell,The Beacon,2025-07-11,2025-07-11
The Searchers,The Beacon,2025-07-11,2025-07-11
Fresh Kill,The Beacon,2025-07-11,2025-07-11
Something Weird Presents Teenage Gang Debs & Blonde On A Bum Trip,The Beacon,2025-07-11,2025-07-11
"Dance, Girl, Dance",The Beacon,2025-07-11,2025-07-11
Underwater Love W/ Uh Oh,The Beacon,2025-07-11,2025-07-11
The Passion Of Joan Of Arc W/ Lori Goldston,The Beacon,2025-07-11,2025-07-11
Five Minutes To Live!,The Beacon,2025-07-11,2025-07-11
Baby Doll,The Beacon,2025-07-11,2025-07-11
Caught by the Tides,SIFF Cinema Uptown,2025-07-11,2025-07-11
L.A. Noir: L.A. Confidential (35mm),SIFF Cinema Uptown,2025-07-11,2025-07-11
28 Years Later,SIFF Cinema Uptown,2025-07-11,2025-07-11
Art House Theater Day: Tomboy,SIFF Cinema Uptown,2025-07-11,2025-07-11
SIFF Movie Club: They Live,SIFF Cinema Uptown,2025-07-11,2025-07-11
Little Buddha (New 4K Restoration),SIFF Cinema Uptown,2025-07-11,2025-07-11
L.A. Noir: Kiss Me Deadly,SIFF Cinema Uptown,2025-07-11,2025-07-11
Marlee Matlin: Not Alone Anymore,SIFF Cinema Uptown,2025-07-11,2025-07-11
SIFF Movie Club: Green Room,SIFF Cinema Uptown,2025-07-11,2025-07-11
SIFF 'n' Stitch: 10 Things I Hate About You,SIFF Cinema Uptown,2025-07-11,2025-07-11
L.A. Noir: Drive,SIFF Cinema Uptown,2025-07-11,2025-07-11
CatVideoFest 2025,SIFF Cinema Uptown,2025-07-11,2025-07-11
Together,SIFF Cinema Uptown,2025-07-11,2025-07-11
National Theatre Live: Inter Alia,SIFF Film Center,2025-07-11,2025-07-11
Jurassic World Rebirth,SIFF Cinema Downtown,2025-07-11,2025-07-11
SIFF Movie Club: The Night of the Hunter (70th Anniversary),SIFF Cinema Uptown,2025-07-11,2025-07-11
L.A. Noir: Inherent Vice,SIFF Cinema Uptown,2025-07-11,2025-07-11
The Phoenician Scheme,SIFF Cinema Uptown,2025-07-11,2025-07-11
SIFF Movie Club: The Ascent,SIFF Cinema Uptown,2025-07-11,2025-07-11
L.A. Noir: Cutterâ€™s Way (35mm),SIFF Cinema Uptown,2025-07-11,2025-07-11
Emerald City Short Film Festival,SIFF Film Center,2025-07-11,2025-07-11
Secret Screening #2,SIFF Cinema Uptown,2025-07-11,2025-07-11
Eddington,SIFF Cinema Uptown,2025-07-11,2025-07-11
L.A. Noir: The Long Goodbye,SIFF Cinema Uptown,2025-07-11,2025-07-11
SIFF 'n' Stitch: Little Miss Sunshine,SIFF Cinema Uptown,2025-07-11,2025-07-11
CLASSIFIED CINEMA,SIFF Cinema Uptown,2025-07-11,2025-07-11
Year of the Fox,SIFF Film Center,2025-07-11,2025-07-11
SIFF Movie Club: The Florida Project,SIFF Cinema Uptown,2025-07-11,2025-07-11
L.A. Noir: The Two Jakes,SIFF Cinema Uptown,2025-07-11,2025-07-11
"Sorry, Baby",SIFF Cinema Uptown,2025-07-11,2025-07-11
To a Land Unknown,SIFF Film Center,2025-07-11,2025-07-11
L.A. Noir: Heat (30th Anniversary),SIFF Cinema Uptown,2025-07-11,2025-07-11
L.A. Noir: The Limey,SIFF Cinema Uptown,2025-07-11,2025-07-11
L.A. Noir: Point Blank,SIFF Cinema Uptown,2025-07-11,2025-07-11
Art House Theater Day: Tangerine,SIFF Cinema Uptown,2025-07-11,2025-07-11
